{
  "per_replicate": {
    "sample": {
      "fidelity_mse": 0.02736460417509079,
      "ks_statistic": 0.04588502067493664,
      "js_divergence": 0.0008757632317676326,
      "auroc": 0.5607765220966541
    },
    "samples": {
      "fidelity_mse": 0.02736460417509079,
      "ks_statistic": 0.04588502067493664,
      "js_divergence": 0.0008757632317676326,
      "auroc": 0.5604315987154271
    }
  },
  "mean": {
    "auroc": 0.5606040604060406,
    "fidelity_mse": 0.02736460417509079,
    "js_divergence": 0.0008757632317676326,
    "ks_statistic": 0.04588502067493664
  }
}