replicate,auroc,fidelity_mse,js_divergence,ks_statistic
sample,0.5607765220966541,0.02736460417509079,0.0008757632317676326,0.04588502067493664
samples,0.5604315987154271,0.02736460417509079,0.0008757632317676326,0.04588502067493664
mean,0.5606040604060406,0.02736460417509079,0.0008757632317676326,0.04588502067493664
