{
  "fidelity_mse": 0.028597094118595123,
  "ks_statistic": 0.09337068160597572,
  "js_divergence": 0.007463005041450607,
  "auroc": 0.8737989354491005
}