{
  "fidelity_mse": 0.029359526932239532,
  "ks_statistic": 0.09123649459783914,
  "js_divergence": 0.00760825287793358,
  "auroc": 0.8774957495749576
}