{
  "fidelity_mse": 0.028678545728325844,
  "ks_statistic": 0.09643857543017206,
  "js_divergence": 0.007616387040806781,
  "auroc": 0.8644611127779446
}