{
  "fidelity_mse": 0.02933906391263008,
  "ks_statistic": 0.10204081632653061,
  "js_divergence": 0.007689476431394391,
  "auroc": 0.8639135024613573
}