{
  "fidelity_mse": 0.029117872938513756,
  "ks_statistic": 0.09377084167000134,
  "js_divergence": 0.0075697869217758035,
  "auroc": 0.871784956273405
}