{
  "per_replicate": {
    "sample_0": {
      "fidelity_mse": 0.028597094118595123,
      "ks_statistic": 0.09337068160597572,
      "js_divergence": 0.007463005041450607,
      "auroc": 0.8737989354491005
    },
    "sample_1": {
      "fidelity_mse": 0.029117872938513756,
      "ks_statistic": 0.09377084167000134,
      "js_divergence": 0.0075697869217758035,
      "auroc": 0.871784956273405
    },
    "sample_2": {
      "fidelity_mse": 0.028678545728325844,
      "ks_statistic": 0.09643857543017206,
      "js_divergence": 0.007616387040806781,
      "auroc": 0.8644611127779446
    },
    "sample_3": {
      "fidelity_mse": 0.02933906391263008,
      "ks_statistic": 0.10204081632653061,
      "js_divergence": 0.007689476431394391,
      "auroc": 0.8639135024613573
    },
    "sample_4": {
      "fidelity_mse": 0.029359526932239532,
      "ks_statistic": 0.09123649459783914,
      "js_divergence": 0.00760825287793358,
      "auroc": 0.8774957495749576
    }
  },
  "mean": {
    "auroc": 0.870290851307353,
    "fidelity_mse": 0.029018420726060867,
    "js_divergence": 0.007589381662672233,
    "ks_statistic": 0.09537148192610376
  }
}