replicate,auroc,fidelity_mse,js_divergence,ks_statistic
sample_0,0.8737989354491005,0.028597094118595123,0.007463005041450607,0.09337068160597572
sample_1,0.871784956273405,0.029117872938513756,0.0075697869217758035,0.09377084167000134
sample_2,0.8644611127779446,0.028678545728325844,0.007616387040806781,0.09643857543017206
sample_3,0.8639135024613573,0.02933906391263008,0.007689476431394391,0.10204081632653061
sample_4,0.8774957495749576,0.029359526932239532,0.00760825287793358,0.09123649459783914
mean,0.870290851307353,0.029018420726060867,0.007589381662672233,0.09537148192610376
