{
  "fidelity_mse": 0.028714969754219055,
  "ks_statistic": 0.04881952781112445,
  "js_divergence": 0.001784618712696224,
  "auroc": 0.6743896611883411
}