{
  "fidelity_mse": 0.028240438550710678,
  "ks_statistic": 0.051087101507269576,
  "js_divergence": 0.0018256175136875143,
  "auroc": 0.6828749541620829
}