{
  "fidelity_mse": 0.028367070481181145,
  "ks_statistic": 0.04815259437108177,
  "js_divergence": 0.0018646076701947856,
  "auroc": 0.6789967885677456
}