{
  "fidelity_mse": 0.028499988839030266,
  "ks_statistic": 0.0508203281312525,
  "js_divergence": 0.0018246628379694912,
  "auroc": 0.7033356669000232
}