{
  "fidelity_mse": 0.02866663783788681,
  "ks_statistic": 0.050153394691209816,
  "js_divergence": 0.001873938918250245,
  "auroc": 0.6781927081597048
}