replicate,auroc,fidelity_mse,js_divergence,ks_statistic
sample_0,0.6789967885677456,0.028367070481181145,0.0018646076701947856,0.04815259437108177
sample_1,0.6743896611883411,0.028714969754219055,0.001784618712696224,0.04881952781112445
sample_2,0.7033356669000232,0.028499988839030266,0.0018246628379694912,0.0508203281312525
sample_3,0.6781927081597048,0.02866663783788681,0.001873938918250245,0.050153394691209816
sample_4,0.6828749541620829,0.028240438550710678,0.0018256175136875143,0.051087101507269576
mean,0.6835579557955794,0.02849782109260559,0.001834689130559652,0.04980658930238763
