{
  "per_replicate": {
    "sample_0": {
      "fidelity_mse": 0.028367070481181145,
      "ks_statistic": 0.04815259437108177,
      "js_divergence": 0.0018646076701947856,
      "auroc": 0.6789967885677456
    },
    "sample_1": {
      "fidelity_mse": 0.028714969754219055,
      "ks_statistic": 0.04881952781112445,
      "js_divergence": 0.001784618712696224,
      "auroc": 0.6743896611883411
    },
    "sample_2": {
      "fidelity_mse": 0.028499988839030266,
      "ks_statistic": 0.0508203281312525,
      "js_divergence": 0.0018246628379694912,
      "auroc": 0.7033356669000232
    },
    "sample_3": {
      "fidelity_mse": 0.02866663783788681,
      "ks_statistic": 0.050153394691209816,
      "js_divergence": 0.001873938918250245,
      "auroc": 0.6781927081597048
    },
    "sample_4": {
      "fidelity_mse": 0.028240438550710678,
      "ks_statistic": 0.051087101507269576,
      "js_divergence": 0.0018256175136875143,
      "auroc": 0.6828749541620829
    }
  },
  "mean": {
    "auroc": 0.6835579557955794,
    "fidelity_mse": 0.02849782109260559,
    "js_divergence": 0.001834689130559652,
    "ks_statistic": 0.04980658930238763
  }
}