replicate,auroc,fidelity_mse,js_divergence,ks_statistic
sample,0.5292304786034159,0.02753058820962906,0.0005856500586023768,0.06736027744431106
samples,0.5783371670500383,0.02753058820962906,0.0005856500586023768,0.06736027744431106
mean,0.5537838228267271,0.02753058820962906,0.0005856500586023768,0.06736027744431106
