{
  "per_replicate": {
    "sample": {
      "fidelity_mse": 0.02753058820962906,
      "ks_statistic": 0.06736027744431106,
      "js_divergence": 0.0005856500586023768,
      "auroc": 0.5292304786034159
    },
    "samples": {
      "fidelity_mse": 0.02753058820962906,
      "ks_statistic": 0.06736027744431106,
      "js_divergence": 0.0005856500586023768,
      "auroc": 0.5783371670500383
    }
  },
  "mean": {
    "auroc": 0.5537838228267271,
    "fidelity_mse": 0.02753058820962906,
    "js_divergence": 0.0005856500586023768,
    "ks_statistic": 0.06736027744431106
  }
}