{
  "fidelity_mse": 0.03381483256816864,
  "ks_statistic": 0.17833800186741364,
  "js_divergence": 0.01825980381497165,
  "auroc": 0.9940811858963674
}