{
  "fidelity_mse": 0.03433128073811531,
  "ks_statistic": 0.17847138855542216,
  "js_divergence": 0.018311182657943736,
  "auroc": 0.9785925259192586
}