{
  "fidelity_mse": 0.03414618968963623,
  "ks_statistic": 0.1756702681072429,
  "js_divergence": 0.018300911039737,
  "auroc": 0.9926330410818858
}