{
  "fidelity_mse": 0.03431399166584015,
  "ks_statistic": 0.17833800186741364,
  "js_divergence": 0.018242607300453666,
  "auroc": 0.9920500938982788
}