{
  "fidelity_mse": 0.0335710309445858,
  "ks_statistic": 0.1716686674669868,
  "js_divergence": 0.01834454907601316,
  "auroc": 0.9955566667777889
}