{
  "per_replicate": {
    "sample_0": {
      "fidelity_mse": 0.03433128073811531,
      "ks_statistic": 0.17847138855542216,
      "js_divergence": 0.018311182657943736,
      "auroc": 0.9785925259192586
    },
    "sample_1": {
      "fidelity_mse": 0.0335710309445858,
      "ks_statistic": 0.1716686674669868,
      "js_divergence": 0.01834454907601316,
      "auroc": 0.9955566667777889
    },
    "sample_2": {
      "fidelity_mse": 0.03381483256816864,
      "ks_statistic": 0.17833800186741364,
      "js_divergence": 0.01825980381497165,
      "auroc": 0.9940811858963674
    },
    "sample_3": {
      "fidelity_mse": 0.03431399166584015,
      "ks_statistic": 0.17833800186741364,
      "js_divergence": 0.018242607300453666,
      "auroc": 0.9920500938982788
    },
    "sample_4": {
      "fidelity_mse": 0.03414618968963623,
      "ks_statistic": 0.1756702681072429,
      "js_divergence": 0.018300911039737,
      "auroc": 0.9926330410818858
    }
  },
  "mean": {
    "auroc": 0.9905827027147158,
    "fidelity_mse": 0.034035465121269225,
    "js_divergence": 0.018291810777823842,
    "ks_statistic": 0.17649726557289586
  }
}