replicate,auroc,fidelity_mse,js_divergence,ks_statistic
sample_0,0.9785925259192586,0.03433128073811531,0.018311182657943736,0.17847138855542216
sample_1,0.9955566667777889,0.0335710309445858,0.01834454907601316,0.1716686674669868
sample_2,0.9940811858963674,0.03381483256816864,0.01825980381497165,0.17833800186741364
sample_3,0.9920500938982788,0.03431399166584015,0.018242607300453666,0.17833800186741364
sample_4,0.9926330410818858,0.03414618968963623,0.018300911039737,0.1756702681072429
mean,0.9905827027147158,0.034035465121269225,0.018291810777823842,0.17649726557289586
